code,language,error_type,predicted
print('This is a very very very very very very very very very very long line'),Python,LineTooLong,LineTooLong
"def add_item(x, lst=[]): lst.append(x)",Python,MutableDefault,MutableDefault
"x = 10
print('Hi')",Python,UnusedVariable,UnusedVariable
"import maths
maths.sqrt(4)",Python,ImportError,ImportError
"import maths
maths.sqrt(4)",Python,ImportError,ImportError
5 = x,Python,InvalidAssignment,InvalidAssignment
"def add_item(x, lst=[]): lst.append(x)",Python,MutableDefault,MutableDefault
"return
print('Hi')",Python,UnreachableCode,UnreachableCode
x = '5' + 3,Python,TypeMismatch,InvalidAssignment
from math import *,Python,WildcardImport,WildcardImport
"def add_item(x, lst=[]): lst.append(x)",Python,MutableDefault,MutableDefault
5 = x,Python,InvalidAssignment,InvalidAssignment
print(x),Python,NameError,NameError
"x = 10
print('Hi')",Python,UnusedVariable,UnusedVariable
5 = x,Python,InvalidAssignment,InvalidAssignment
print('Hello),Python,UnclosedString,UnclosedString
print('Hello),Python,UnclosedString,UnclosedString
"x = 10
print('Hi')",Python,UnusedVariable,UnusedVariable
"x = 10
print('Hi')",Python,UnusedVariable,UnusedVariable
5 = x,Python,InvalidAssignment,InvalidAssignment
from math import *,Python,WildcardImport,WildcardImport
"import maths
maths.sqrt(4)",Python,ImportError,ImportError
"import maths
maths.sqrt(4)",Python,ImportError,ImportError
print('This is a very very very very very very very very very very long line'),Python,LineTooLong,LineTooLong
print((1 + 2),Python,UnmatchedBracket,UnmatchedBracket
"x = 10
print('Hi')",Python,UnusedVariable,UnusedVariable
"def f(): pass
def f(): pass",Python,DuplicateDefinition,DuplicateDefinition
from math import *,Python,WildcardImport,WildcardImport
5 = x,Python,InvalidAssignment,InvalidAssignment
"def f(): pass
def f(): pass",Python,DuplicateDefinition,DuplicateDefinition
print((1 + 2),Python,UnmatchedBracket,UnmatchedBracket
print((1 + 2),Python,UnmatchedBracket,UnmatchedBracket
x = 10 / 0,Python,DivisionByZero,InvalidAssignment
"def add_item(x, lst=[]): lst.append(x)",Python,MutableDefault,MutableDefault
x = 10 / 0,Python,DivisionByZero,InvalidAssignment
print('This is a very very very very very very very very very very long line'),Python,LineTooLong,LineTooLong
"import maths
maths.sqrt(4)",Python,ImportError,ImportError
"import maths
maths.sqrt(4)",Python,ImportError,ImportError
"def add(a, b)
    return a + b",Python,MissingDelimiter,MissingDelimiter
x = '5' + 3,Python,TypeMismatch,InvalidAssignment
print(x),Python,NameError,NameError
"return
print('Hi')",Python,UnreachableCode,UnreachableCode
print('This is a very very very very very very very very very very long line'),Python,LineTooLong,LineTooLong
"def func():
print('Hi')",Python,IndentationError,IndentationError
print('This is a very very very very very very very very very very long line'),Python,LineTooLong,LineTooLong
"while True:
    pass",Python,InfiniteLoop,InfiniteLoop
print((1 + 2),Python,UnmatchedBracket,UnmatchedBracket
x = '5' + 3,Python,TypeMismatch,InvalidAssignment
"return
print('Hi')",Python,UnreachableCode,UnreachableCode
from math import *,Python,WildcardImport,WildcardImport
print(x),Python,NameError,NameError
"def f(): pass
def f(): pass",Python,DuplicateDefinition,DuplicateDefinition
print(x),Python,NameError,NameError
"def f(): pass
def f(): pass",Python,DuplicateDefinition,DuplicateDefinition
5 = x,Python,InvalidAssignment,InvalidAssignment
print((1 + 2),Python,UnmatchedBracket,UnmatchedBracket
"def func():
print('Hi')",Python,IndentationError,IndentationError
"return
print('Hi')",Python,UnreachableCode,UnreachableCode
print('This is a very very very very very very very very very very long line'),Python,LineTooLong,LineTooLong
print('This is a very very very very very very very very very very long line'),Python,LineTooLong,LineTooLong
print('This is a very very very very very very very very very very long line'),Python,LineTooLong,LineTooLong
print(x),Python,NameError,NameError
"import maths
maths.sqrt(4)",Python,ImportError,ImportError
x = 10 / 0,Python,DivisionByZero,InvalidAssignment
x = '5' + 3,Python,TypeMismatch,InvalidAssignment
"x = 10
print('Hi')",Python,UnusedVariable,UnusedVariable
"import maths
maths.sqrt(4)",Python,ImportError,ImportError
"import maths
maths.sqrt(4)",Python,ImportError,ImportError
"def add_item(x, lst=[]): lst.append(x)",Python,MutableDefault,MutableDefault
print((1 + 2),Python,UnmatchedBracket,UnmatchedBracket
print(x),Python,NameError,NameError
"while True:
    pass",Python,InfiniteLoop,InfiniteLoop
"def func():
print('Hi')",Python,IndentationError,IndentationError
print('This is a very very very very very very very very very very long line'),Python,LineTooLong,LineTooLong
"def add(a, b)
    return a + b",Python,MissingDelimiter,MissingDelimiter
print('This is a very very very very very very very very very very long line'),Python,LineTooLong,LineTooLong
"x = 10
print('Hi')",Python,UnusedVariable,UnusedVariable
print('Hello),Python,UnclosedString,UnclosedString
from math import *,Python,WildcardImport,WildcardImport
print((1 + 2),Python,UnmatchedBracket,UnmatchedBracket
from math import *,Python,WildcardImport,WildcardImport
"def add(a, b)
    return a + b",Python,MissingDelimiter,MissingDelimiter
"def add_item(x, lst=[]): lst.append(x)",Python,MutableDefault,MutableDefault
x = 10 / 0,Python,DivisionByZero,InvalidAssignment
"def add(a, b)
    return a + b",Python,MissingDelimiter,MissingDelimiter
"import maths
maths.sqrt(4)",Python,ImportError,ImportError
"def f(): pass
def f(): pass",Python,DuplicateDefinition,DuplicateDefinition
x = '5' + 3,Python,TypeMismatch,InvalidAssignment
"def func():
print('Hi')",Python,IndentationError,IndentationError
x = 10 / 0,Python,DivisionByZero,InvalidAssignment
"import maths
maths.sqrt(4)",Python,ImportError,ImportError
print('Hello),Python,UnclosedString,UnclosedString
"while True:
    pass",Python,InfiniteLoop,InfiniteLoop
"def f(): pass
def f(): pass",Python,DuplicateDefinition,DuplicateDefinition
5 = x,Python,InvalidAssignment,InvalidAssignment
print('Hello),Python,UnclosedString,UnclosedString
"def f(): pass
def f(): pass",Python,DuplicateDefinition,DuplicateDefinition
"import maths
maths.sqrt(4)",Python,ImportError,ImportError
"def func():
print('Hi')",Python,IndentationError,IndentationError
"def func():
print('Hi')",Python,IndentationError,IndentationError
"def func():
print('Hi')",Python,IndentationError,IndentationError
x = 10 / 0,Python,DivisionByZero,InvalidAssignment
"def func():
print('Hi')",Python,IndentationError,IndentationError
"def func():
print('Hi')",Python,IndentationError,IndentationError
print('Hello),Python,UnclosedString,UnclosedString
5 = x,Python,InvalidAssignment,InvalidAssignment
"def f(): pass
def f(): pass",Python,DuplicateDefinition,DuplicateDefinition
"def f(): pass
def f(): pass",Python,DuplicateDefinition,DuplicateDefinition
5 = x,Python,InvalidAssignment,InvalidAssignment
print(x),Python,NameError,NameError
print((1 + 2),Python,UnmatchedBracket,UnmatchedBracket
"return
print('Hi')",Python,UnreachableCode,UnreachableCode
5 = x,Python,InvalidAssignment,InvalidAssignment
5 = x,Python,InvalidAssignment,InvalidAssignment
5 = x,Python,InvalidAssignment,InvalidAssignment
"def func():
print('Hi')",Python,IndentationError,IndentationError
print('This is a very very very very very very very very very very long line'),Python,LineTooLong,LineTooLong
print((1 + 2),Python,UnmatchedBracket,UnmatchedBracket
5 = x,Python,InvalidAssignment,InvalidAssignment
from math import *,Python,WildcardImport,WildcardImport
"while True:
    pass",Python,InfiniteLoop,InfiniteLoop
from math import *,Python,WildcardImport,WildcardImport
"x = 10
print('Hi')",Python,UnusedVariable,UnusedVariable
x = 10 / 0,Python,DivisionByZero,InvalidAssignment
"x = 10
print('Hi')",Python,UnusedVariable,UnusedVariable
"def f(): pass
def f(): pass",Python,DuplicateDefinition,DuplicateDefinition
from math import *,Python,WildcardImport,WildcardImport
from math import *,Python,WildcardImport,WildcardImport
from math import *,Python,WildcardImport,WildcardImport
"while True:
    pass",Python,InfiniteLoop,InfiniteLoop
print('This is a very very very very very very very very very very long line'),Python,LineTooLong,LineTooLong
"import maths
maths.sqrt(4)",Python,ImportError,ImportError
print((1 + 2),Python,UnmatchedBracket,UnmatchedBracket
print(x),Python,NameError,NameError
"import maths
maths.sqrt(4)",Python,ImportError,ImportError
"def add_item(x, lst=[]): lst.append(x)",Python,MutableDefault,MutableDefault
print(x),Python,NameError,NameError
"def f(): pass
def f(): pass",Python,DuplicateDefinition,DuplicateDefinition
"def func():
print('Hi')",Python,IndentationError,IndentationError
"def add(a, b)
    return a + b",Python,MissingDelimiter,MissingDelimiter
print('This is a very very very very very very very very very very long line'),Python,LineTooLong,LineTooLong
"import maths
maths.sqrt(4)",Python,ImportError,ImportError
print(x),Python,NameError,NameError
x = 10 / 0,Python,DivisionByZero,InvalidAssignment
print(x),Python,NameError,NameError
"def add(a, b)
    return a + b",Python,MissingDelimiter,MissingDelimiter
print('Hello),Python,UnclosedString,UnclosedString
x = '5' + 3,Python,TypeMismatch,InvalidAssignment
print(x),Python,NameError,NameError
print((1 + 2),Python,UnmatchedBracket,UnmatchedBracket
"def add_item(x, lst=[]): lst.append(x)",Python,MutableDefault,MutableDefault
print((1 + 2),Python,UnmatchedBracket,UnmatchedBracket
"while True:
    pass",Python,InfiniteLoop,InfiniteLoop
print((1 + 2),Python,UnmatchedBracket,UnmatchedBracket
x = '5' + 3,Python,TypeMismatch,InvalidAssignment
"import maths
maths.sqrt(4)",Python,ImportError,ImportError
"while True:
    pass",Python,InfiniteLoop,InfiniteLoop
from math import *,Python,WildcardImport,WildcardImport
"while True:
    pass",Python,InfiniteLoop,InfiniteLoop
"def func():
print('Hi')",Python,IndentationError,IndentationError
"while True:
    pass",Python,InfiniteLoop,InfiniteLoop
"import maths
maths.sqrt(4)",Python,ImportError,ImportError
from math import *,Python,WildcardImport,WildcardImport
"while True:
    pass",Python,InfiniteLoop,InfiniteLoop
"import maths
maths.sqrt(4)",Python,ImportError,ImportError
5 = x,Python,InvalidAssignment,InvalidAssignment
print('Hello),Python,UnclosedString,UnclosedString
"def f(): pass
def f(): pass",Python,DuplicateDefinition,DuplicateDefinition
"x = 10
print('Hi')",Python,UnusedVariable,UnusedVariable
x = 10 / 0,Python,DivisionByZero,InvalidAssignment
"def func():
print('Hi')",Python,IndentationError,IndentationError
"def f(): pass
def f(): pass",Python,DuplicateDefinition,DuplicateDefinition
x = '5' + 3,Python,TypeMismatch,InvalidAssignment
"def add_item(x, lst=[]): lst.append(x)",Python,MutableDefault,MutableDefault
"def add_item(x, lst=[]): lst.append(x)",Python,MutableDefault,MutableDefault
x = 10 / 0,Python,DivisionByZero,InvalidAssignment
"def add_item(x, lst=[]): lst.append(x)",Python,MutableDefault,MutableDefault
"def f(): pass
def f(): pass",Python,DuplicateDefinition,DuplicateDefinition
print((1 + 2),Python,UnmatchedBracket,UnmatchedBracket
from math import *,Python,WildcardImport,WildcardImport
"def add(a, b)
    return a + b",Python,MissingDelimiter,MissingDelimiter
print('This is a very very very very very very very very very very long line'),Python,LineTooLong,LineTooLong
print(x),Python,NameError,NameError
"while True:
    pass",Python,InfiniteLoop,InfiniteLoop
"def f(): pass
def f(): pass",Python,DuplicateDefinition,DuplicateDefinition
print(x),Python,NameError,NameError
"x = 10
print('Hi')",Python,UnusedVariable,UnusedVariable
"def f(): pass
def f(): pass",Python,DuplicateDefinition,DuplicateDefinition
from math import *,Python,WildcardImport,WildcardImport
"def add(a, b)
    return a + b",Python,MissingDelimiter,MissingDelimiter
print(x),Python,NameError,NameError
"def func():
print('Hi')",Python,IndentationError,IndentationError
x = 10 / 0,Python,DivisionByZero,InvalidAssignment
print((1 + 2),Python,UnmatchedBracket,UnmatchedBracket
print((1 + 2),Python,UnmatchedBracket,UnmatchedBracket
"def func():
print('Hi')",Python,IndentationError,IndentationError
x = 10 / 0,Python,DivisionByZero,InvalidAssignment
"def add_item(x, lst=[]): lst.append(x)",Python,MutableDefault,MutableDefault
from math import *,Python,WildcardImport,WildcardImport
"import maths
maths.sqrt(4)",Python,ImportError,ImportError
"import maths
maths.sqrt(4)",Python,ImportError,ImportError
"return
print('Hi')",Python,UnreachableCode,UnreachableCode
"return
print('Hi')",Python,UnreachableCode,UnreachableCode
"def add(a, b)
    return a + b",Python,MissingDelimiter,MissingDelimiter
"x = 10
print('Hi')",Python,UnusedVariable,UnusedVariable
"while True:
    pass",Python,InfiniteLoop,InfiniteLoop
x = 10 / 0,Python,DivisionByZero,InvalidAssignment
"def func():
print('Hi')",Python,IndentationError,IndentationError
"def f(): pass
def f(): pass",Python,DuplicateDefinition,DuplicateDefinition
x = 10 / 0,Python,DivisionByZero,InvalidAssignment
print((1 + 2),Python,UnmatchedBracket,UnmatchedBracket
"def add_item(x, lst=[]): lst.append(x)",Python,MutableDefault,MutableDefault
"while True:
    pass",Python,InfiniteLoop,InfiniteLoop
from math import *,Python,WildcardImport,WildcardImport
"def add_item(x, lst=[]): lst.append(x)",Python,MutableDefault,MutableDefault
"return
print('Hi')",Python,UnreachableCode,UnreachableCode
"def f(): pass
def f(): pass",Python,DuplicateDefinition,DuplicateDefinition
"def add(a, b)
    return a + b",Python,MissingDelimiter,MissingDelimiter
"def add_item(x, lst=[]): lst.append(x)",Python,MutableDefault,MutableDefault
x = '5' + 3,Python,TypeMismatch,InvalidAssignment
5 = x,Python,InvalidAssignment,InvalidAssignment
print(x),Python,NameError,NameError
x = 10 / 0,Python,DivisionByZero,InvalidAssignment
print(x),Python,NameError,NameError
"x = 10
print('Hi')",Python,UnusedVariable,UnusedVariable
from math import *,Python,WildcardImport,WildcardImport
"def add_item(x, lst=[]): lst.append(x)",Python,MutableDefault,MutableDefault
print(x),Python,NameError,NameError
"def f(): pass
def f(): pass",Python,DuplicateDefinition,DuplicateDefinition
"while True:
    pass",Python,InfiniteLoop,InfiniteLoop
print((1 + 2),Python,UnmatchedBracket,UnmatchedBracket
"def f(): pass
def f(): pass",Python,DuplicateDefinition,DuplicateDefinition
"def func():
print('Hi')",Python,IndentationError,IndentationError
"return
print('Hi')",Python,UnreachableCode,UnreachableCode
"def add(a, b)
    return a + b",Python,MissingDelimiter,MissingDelimiter
"def add(a, b)
    return a + b",Python,MissingDelimiter,MissingDelimiter
5 = x,Python,InvalidAssignment,InvalidAssignment
print(x),Python,NameError,NameError
"x = 10
print('Hi')",Python,UnusedVariable,UnusedVariable
"def f(): pass
def f(): pass",Python,DuplicateDefinition,DuplicateDefinition
from math import *,Python,WildcardImport,WildcardImport
print('Hello),Python,UnclosedString,UnclosedString
"while True:
    pass",Python,InfiniteLoop,InfiniteLoop
x = '5' + 3,Python,TypeMismatch,InvalidAssignment
5 = x,Python,InvalidAssignment,InvalidAssignment
print('This is a very very very very very very very very very very long line'),Python,LineTooLong,LineTooLong
"def f(): pass
def f(): pass",Python,DuplicateDefinition,DuplicateDefinition
"def func():
print('Hi')",Python,IndentationError,IndentationError
"def add(a, b)
    return a + b",Python,MissingDelimiter,MissingDelimiter
"import maths
maths.sqrt(4)",Python,ImportError,ImportError
x = '5' + 3,Python,TypeMismatch,InvalidAssignment
print(x),Python,NameError,NameError
"return
print('Hi')",Python,UnreachableCode,UnreachableCode
print((1 + 2),Python,UnmatchedBracket,UnmatchedBracket
"def func():
print('Hi')",Python,IndentationError,IndentationError
"return
print('Hi')",Python,UnreachableCode,UnreachableCode
"def func():
print('Hi')",Python,IndentationError,IndentationError
"x = 10
print('Hi')",Python,UnusedVariable,UnusedVariable
"x = 10
print('Hi')",Python,UnusedVariable,UnusedVariable
5 = x,Python,InvalidAssignment,InvalidAssignment
print((1 + 2),Python,UnmatchedBracket,UnmatchedBracket
print('This is a very very very very very very very very very very long line'),Python,LineTooLong,LineTooLong
"def add_item(x, lst=[]): lst.append(x)",Python,MutableDefault,MutableDefault
"while True:
    pass",Python,InfiniteLoop,InfiniteLoop
x = 10 / 0,Python,DivisionByZero,InvalidAssignment
"return
print('Hi')",Python,UnreachableCode,UnreachableCode
"def func():
print('Hi')",Python,IndentationError,IndentationError
"while True:
    pass",Python,InfiniteLoop,InfiniteLoop
5 = x,Python,InvalidAssignment,InvalidAssignment
"import maths
maths.sqrt(4)",Python,ImportError,ImportError
"return
print('Hi')",Python,UnreachableCode,UnreachableCode
"def add(a, b)
    return a + b",Python,MissingDelimiter,MissingDelimiter
"while True:
    pass",Python,InfiniteLoop,InfiniteLoop
"def add_item(x, lst=[]): lst.append(x)",Python,MutableDefault,MutableDefault
"x = 10
print('Hi')",Python,UnusedVariable,UnusedVariable
"import maths
maths.sqrt(4)",Python,ImportError,ImportError
print('Hello),Python,UnclosedString,UnclosedString
"while True:
    pass",Python,InfiniteLoop,InfiniteLoop
print(x),Python,NameError,NameError
x = 10 / 0,Python,DivisionByZero,InvalidAssignment
x = '5' + 3,Python,TypeMismatch,InvalidAssignment
5 = x,Python,InvalidAssignment,InvalidAssignment
"x = 10
print('Hi')",Python,UnusedVariable,UnusedVariable
x = 10 / 0,Python,DivisionByZero,InvalidAssignment
"def func():
print('Hi')",Python,IndentationError,IndentationError
print(x),Python,NameError,NameError
"return
print('Hi')",Python,UnreachableCode,UnreachableCode
print('This is a very very very very very very very very very very long line'),Python,LineTooLong,LineTooLong
"x = 10
print('Hi')",Python,UnusedVariable,UnusedVariable
print(x),Python,NameError,NameError
"while True:
    pass",Python,InfiniteLoop,InfiniteLoop
print('Hello),Python,UnclosedString,UnclosedString
print((1 + 2),Python,UnmatchedBracket,UnmatchedBracket
from math import *,Python,WildcardImport,WildcardImport
"def add_item(x, lst=[]): lst.append(x)",Python,MutableDefault,MutableDefault
"def add(a, b)
    return a + b",Python,MissingDelimiter,MissingDelimiter
print('This is a very very very very very very very very very very long line'),Python,LineTooLong,LineTooLong
"while True:
    pass",Python,InfiniteLoop,InfiniteLoop
"while True:
    pass",Python,InfiniteLoop,InfiniteLoop
print('Hello),Python,UnclosedString,UnclosedString
print('This is a very very very very very very very very very very long line'),Python,LineTooLong,LineTooLong
print('This is a very very very very very very very very very very long line'),Python,LineTooLong,LineTooLong
from math import *,Python,WildcardImport,WildcardImport
x = '5' + 3,Python,TypeMismatch,InvalidAssignment
print('This is a very very very very very very very very very very long line'),Python,LineTooLong,LineTooLong
from math import *,Python,WildcardImport,WildcardImport
"def f(): pass
def f(): pass",Python,DuplicateDefinition,DuplicateDefinition
print('This is a very very very very very very very very very very long line'),Python,LineTooLong,LineTooLong
"return
print('Hi')",Python,UnreachableCode,UnreachableCode
print((1 + 2),Python,UnmatchedBracket,UnmatchedBracket
"return
print('Hi')",Python,UnreachableCode,UnreachableCode
"while True:
    pass",Python,InfiniteLoop,InfiniteLoop
print('Hello),Python,UnclosedString,UnclosedString
5 = x,Python,InvalidAssignment,InvalidAssignment
x = 10 / 0,Python,DivisionByZero,InvalidAssignment
"def add_item(x, lst=[]): lst.append(x)",Python,MutableDefault,MutableDefault
print(x),Python,NameError,NameError
x = '5' + 3,Python,TypeMismatch,InvalidAssignment
print('This is a very very very very very very very very very very long line'),Python,LineTooLong,LineTooLong
print('Hello),Python,UnclosedString,UnclosedString
"import maths
maths.sqrt(4)",Python,ImportError,ImportError
"def add(a, b)
    return a + b",Python,MissingDelimiter,MissingDelimiter
print('Hello),Python,UnclosedString,UnclosedString
"x = 10
print('Hi')",Python,UnusedVariable,UnusedVariable
print(x),Python,NameError,NameError
x = '5' + 3,Python,TypeMismatch,InvalidAssignment
from math import *,Python,WildcardImport,WildcardImport
from math import *,Python,WildcardImport,WildcardImport
"x = 10
print('Hi')",Python,UnusedVariable,UnusedVariable
"while True:
    pass",Python,InfiniteLoop,InfiniteLoop
x = '5' + 3,Python,TypeMismatch,InvalidAssignment
"def f(): pass
def f(): pass",Python,DuplicateDefinition,DuplicateDefinition
"def func():
print('Hi')",Python,IndentationError,IndentationError
"def add_item(x, lst=[]): lst.append(x)",Python,MutableDefault,MutableDefault
print(x),Python,NameError,NameError
print((1 + 2),Python,UnmatchedBracket,UnmatchedBracket
print('This is a very very very very very very very very very very long line'),Python,LineTooLong,LineTooLong
"while True:
    pass",Python,InfiniteLoop,InfiniteLoop
"def add(a, b)
    return a + b",Python,MissingDelimiter,MissingDelimiter
"def add(a, b)
    return a + b",Python,MissingDelimiter,MissingDelimiter
print((1 + 2),Python,UnmatchedBracket,UnmatchedBracket
"def func():
print('Hi')",Python,IndentationError,IndentationError
print(x),Python,NameError,NameError
"def f(): pass
def f(): pass",Python,DuplicateDefinition,DuplicateDefinition
x = 10 / 0,Python,DivisionByZero,InvalidAssignment
"def add_item(x, lst=[]): lst.append(x)",Python,MutableDefault,MutableDefault
"def func():
print('Hi')",Python,IndentationError,IndentationError
print('Hello),Python,UnclosedString,UnclosedString
5 = x,Python,InvalidAssignment,InvalidAssignment
x = 10 / 0,Python,DivisionByZero,InvalidAssignment
x = 10 / 0,Python,DivisionByZero,InvalidAssignment
print((1 + 2),Python,UnmatchedBracket,UnmatchedBracket
print(x),Python,NameError,NameError
5 = x,Python,InvalidAssignment,InvalidAssignment
from math import *,Python,WildcardImport,WildcardImport
print(x),Python,NameError,NameError
"def func():
print('Hi')",Python,IndentationError,IndentationError
"import maths
maths.sqrt(4)",Python,ImportError,ImportError
print(x),Python,NameError,NameError
"while True:
    pass",Python,InfiniteLoop,InfiniteLoop
"def add_item(x, lst=[]): lst.append(x)",Python,MutableDefault,MutableDefault
"return
print('Hi')",Python,UnreachableCode,UnreachableCode
"def add(a, b)
    return a + b",Python,MissingDelimiter,MissingDelimiter
"def func():
print('Hi')",Python,IndentationError,IndentationError
print(x),Python,NameError,NameError
print('This is a very very very very very very very very very very long line'),Python,LineTooLong,LineTooLong
print('This is a very very very very very very very very very very long line'),Python,LineTooLong,LineTooLong
"def f(): pass
def f(): pass",Python,DuplicateDefinition,DuplicateDefinition
print('Hello),Python,UnclosedString,UnclosedString
"return
print('Hi')",Python,UnreachableCode,UnreachableCode
print(x),Python,NameError,NameError
print('This is a very very very very very very very very very very long line'),Python,LineTooLong,LineTooLong
print('Hello),Python,UnclosedString,UnclosedString
print('This is a very very very very very very very very very very long line'),Python,LineTooLong,LineTooLong
x = '5' + 3,Python,TypeMismatch,InvalidAssignment
"import maths
maths.sqrt(4)",Python,ImportError,ImportError
"def f(): pass
def f(): pass",Python,DuplicateDefinition,DuplicateDefinition
5 = x,Python,InvalidAssignment,InvalidAssignment
print((1 + 2),Python,UnmatchedBracket,UnmatchedBracket
x = 10 / 0,Python,DivisionByZero,InvalidAssignment
"def func():
print('Hi')",Python,IndentationError,IndentationError
print('This is a very very very very very very very very very very long line'),Python,LineTooLong,LineTooLong
from math import *,Python,WildcardImport,WildcardImport
x = '5' + 3,Python,TypeMismatch,InvalidAssignment
"def func():
print('Hi')",Python,IndentationError,IndentationError
x = 10 / 0,Python,DivisionByZero,InvalidAssignment
5 = x,Python,InvalidAssignment,InvalidAssignment
"while True:
    pass",Python,InfiniteLoop,InfiniteLoop
"def add_item(x, lst=[]): lst.append(x)",Python,MutableDefault,MutableDefault
print('This is a very very very very very very very very very very long line'),Python,LineTooLong,LineTooLong
from math import *,Python,WildcardImport,WildcardImport
"x = 10
print('Hi')",Python,UnusedVariable,UnusedVariable
print('This is a very very very very very very very very very very long line'),Python,LineTooLong,LineTooLong
"def add(a, b)
    return a + b",Python,MissingDelimiter,MissingDelimiter
"def add(a, b)
    return a + b",Python,MissingDelimiter,MissingDelimiter
"while True:
    pass",Python,InfiniteLoop,InfiniteLoop
print((1 + 2),Python,UnmatchedBracket,UnmatchedBracket
x = 10 / 0,Python,DivisionByZero,InvalidAssignment
"while True:
    pass",Python,InfiniteLoop,InfiniteLoop
print('This is a very very very very very very very very very very long line'),Python,LineTooLong,LineTooLong
ArrayList list = new ArrayList();,Java,MissingImport,MissingImport
"public class Test {
  public static void main(String[] args) {
    System.out.println(1);
",Java,UnmatchedBracket,UnmatchedBracket
int x = 10 / 0;,Java,DivisionByZero,DivisionByZero
"int x = ""5"";",Java,TypeMismatch,DivisionByZero
System.out.println(x);,Java,UndeclaredIdentifier,UndeclaredIdentifier
"while (true) {
}",Java,InfiniteLoop,InfiniteLoop
"while (true) {
}",Java,InfiniteLoop,InfiniteLoop
int x = 10 / 0;,Java,DivisionByZero,DivisionByZero
"int add() { return 1; }
int add() { return 2; }",Java,DuplicateDefinition,DuplicateDefinition
"int x = 10;
System.out.println(""Hi"");",Java,UnusedVariable,UnusedVariable
"int x = ""5"";",Java,TypeMismatch,DivisionByZero
ArrayList list = new ArrayList();,Java,MissingImport,MissingImport
5 = x;,Java,InvalidAssignment,InvalidAssignment
"int x = ""5"";",Java,TypeMismatch,DivisionByZero
"public class Test {
  public static void main(String[] args) {
    System.out.println(1);
",Java,UnmatchedBracket,UnmatchedBracket
"public class Test {
  public static void main(String[] args) {
    System.out.println(1);
",Java,UnmatchedBracket,UnmatchedBracket
"return;
System.out.println(""Hi"");",Java,UnreachableCode,UnreachableCode
"return;
System.out.println(""Hi"");",Java,UnreachableCode,UnreachableCode
"int x = 10;
System.out.println(""Hi"");",Java,UnusedVariable,UnusedVariable
"public class Test {
  public static void main(String[] args) {
    System.out.println(1);
",Java,UnmatchedBracket,UnmatchedBracket
"int x = ""5"";",Java,TypeMismatch,DivisionByZero
5 = x;,Java,InvalidAssignment,InvalidAssignment
"return;
System.out.println(""Hi"");",Java,UnreachableCode,UnreachableCode
"System.out.println(""Hello);",Java,UnclosedString,UnclosedString
"int x = 10;
System.out.println(""Hi"");",Java,UnusedVariable,UnusedVariable
"int x = ""5"";",Java,TypeMismatch,DivisionByZero
"while (true) {
}",Java,InfiniteLoop,InfiniteLoop
"int x = ""5"";",Java,TypeMismatch,DivisionByZero
"int add() { return 1; }
int add() { return 2; }",Java,DuplicateDefinition,DuplicateDefinition
"System.out.println(""Hello);",Java,UnclosedString,UnclosedString
"while (true) {
}",Java,InfiniteLoop,InfiniteLoop
System.out.println(x);,Java,UndeclaredIdentifier,UndeclaredIdentifier
System.out.println(x);,Java,UndeclaredIdentifier,UndeclaredIdentifier
"int x = ""5"";",Java,TypeMismatch,DivisionByZero
int x = 10,Java,MissingDelimiter,DivisionByZero
"int x = 10;
System.out.println(""Hi"");",Java,UnusedVariable,UnusedVariable
"int x = 10;
System.out.println(""Hi"");",Java,UnusedVariable,UnusedVariable
"int x = ""5"";",Java,TypeMismatch,DivisionByZero
"public class Test {
  public static void main(String[] args) {
    System.out.println(1);
",Java,UnmatchedBracket,UnmatchedBracket
"while (true) {
}",Java,InfiniteLoop,InfiniteLoop
"public class Test {
  public static void main(String[] args) {
    System.out.println(1);
",Java,UnmatchedBracket,UnmatchedBracket
int x = 10 / 0;,Java,DivisionByZero,DivisionByZero
"int add() { return 1; }
int add() { return 2; }",Java,DuplicateDefinition,DuplicateDefinition
"while (true) {
}",Java,InfiniteLoop,InfiniteLoop
int x = 10,Java,MissingDelimiter,DivisionByZero
int x = 10 / 0;,Java,DivisionByZero,DivisionByZero
"return;
System.out.println(""Hi"");",Java,UnreachableCode,UnreachableCode
"int x = ""5"";",Java,TypeMismatch,DivisionByZero
"System.out.println(""Hello);",Java,UnclosedString,UnclosedString
"int add() { return 1; }
int add() { return 2; }",Java,DuplicateDefinition,DuplicateDefinition
ArrayList list = new ArrayList();,Java,MissingImport,MissingImport
"return;
System.out.println(""Hi"");",Java,UnreachableCode,UnreachableCode
"int x = 10;
System.out.println(""Hi"");",Java,UnusedVariable,UnusedVariable
"int add() { return 1; }
int add() { return 2; }",Java,DuplicateDefinition,DuplicateDefinition
"int add() { return 1; }
int add() { return 2; }",Java,DuplicateDefinition,DuplicateDefinition
int x = 10,Java,MissingDelimiter,DivisionByZero
"System.out.println(""Hello);",Java,UnclosedString,UnclosedString
"System.out.println(""Hello);",Java,UnclosedString,UnclosedString
int x = 10 / 0;,Java,DivisionByZero,DivisionByZero
"while (true) {
}",Java,InfiniteLoop,InfiniteLoop
"int x = ""5"";",Java,TypeMismatch,DivisionByZero
"return;
System.out.println(""Hi"");",Java,UnreachableCode,UnreachableCode
System.out.println(x);,Java,UndeclaredIdentifier,UndeclaredIdentifier
ArrayList list = new ArrayList();,Java,MissingImport,MissingImport
"int x = 10;
System.out.println(""Hi"");",Java,UnusedVariable,UnusedVariable
"public class Test {
  public static void main(String[] args) {
    System.out.println(1);
",Java,UnmatchedBracket,UnmatchedBracket
System.out.println(x);,Java,UndeclaredIdentifier,UndeclaredIdentifier
"return;
System.out.println(""Hi"");",Java,UnreachableCode,UnreachableCode
"int x = ""5"";",Java,TypeMismatch,DivisionByZero
System.out.println(x);,Java,UndeclaredIdentifier,UndeclaredIdentifier
"int x = ""5"";",Java,TypeMismatch,DivisionByZero
int x = 10 / 0;,Java,DivisionByZero,DivisionByZero
"System.out.println(""Hello);",Java,UnclosedString,UnclosedString
int x = 10,Java,MissingDelimiter,DivisionByZero
int x = 10,Java,MissingDelimiter,DivisionByZero
int x = 10 / 0;,Java,DivisionByZero,DivisionByZero
"int x = 10;
System.out.println(""Hi"");",Java,UnusedVariable,UnusedVariable
"System.out.println(""Hello);",Java,UnclosedString,UnclosedString
int x = 10 / 0;,Java,DivisionByZero,DivisionByZero
"int x = ""5"";",Java,TypeMismatch,DivisionByZero
ArrayList list = new ArrayList();,Java,MissingImport,MissingImport
int x = 10,Java,MissingDelimiter,DivisionByZero
5 = x;,Java,InvalidAssignment,InvalidAssignment
System.out.println(x);,Java,UndeclaredIdentifier,UndeclaredIdentifier
"System.out.println(""Hello);",Java,UnclosedString,UnclosedString
"int add() { return 1; }
int add() { return 2; }",Java,DuplicateDefinition,DuplicateDefinition
"public class Test {
  public static void main(String[] args) {
    System.out.println(1);
",Java,UnmatchedBracket,UnmatchedBracket
"while (true) {
}",Java,InfiniteLoop,InfiniteLoop
int x = 10,Java,MissingDelimiter,DivisionByZero
System.out.println(x);,Java,UndeclaredIdentifier,UndeclaredIdentifier
"System.out.println(""Hello);",Java,UnclosedString,UnclosedString
"return;
System.out.println(""Hi"");",Java,UnreachableCode,UnreachableCode
"public class Test {
  public static void main(String[] args) {
    System.out.println(1);
",Java,UnmatchedBracket,UnmatchedBracket
"while (true) {
}",Java,InfiniteLoop,InfiniteLoop
"return;
System.out.println(""Hi"");",Java,UnreachableCode,UnreachableCode
"int x = ""5"";",Java,TypeMismatch,DivisionByZero
"int x = ""5"";",Java,TypeMismatch,DivisionByZero
"int x = 10;
System.out.println(""Hi"");",Java,UnusedVariable,UnusedVariable
"int x = ""5"";",Java,TypeMismatch,DivisionByZero
"public class Test {
  public static void main(String[] args) {
    System.out.println(1);
",Java,UnmatchedBracket,UnmatchedBracket
ArrayList list = new ArrayList();,Java,MissingImport,MissingImport
"int x = 10;
System.out.println(""Hi"");",Java,UnusedVariable,UnusedVariable
"return;
System.out.println(""Hi"");",Java,UnreachableCode,UnreachableCode
"System.out.println(""Hello);",Java,UnclosedString,UnclosedString
"return;
System.out.println(""Hi"");",Java,UnreachableCode,UnreachableCode
"return;
System.out.println(""Hi"");",Java,UnreachableCode,UnreachableCode
"int x = ""5"";",Java,TypeMismatch,DivisionByZero
"System.out.println(""Hello);",Java,UnclosedString,UnclosedString
"return;
System.out.println(""Hi"");",Java,UnreachableCode,UnreachableCode
"int x = 10;
System.out.println(""Hi"");",Java,UnusedVariable,UnusedVariable
"public class Test {
  public static void main(String[] args) {
    System.out.println(1);
",Java,UnmatchedBracket,UnmatchedBracket
"return;
System.out.println(""Hi"");",Java,UnreachableCode,UnreachableCode
"int x = 10;
System.out.println(""Hi"");",Java,UnusedVariable,UnusedVariable
System.out.println(x);,Java,UndeclaredIdentifier,UndeclaredIdentifier
5 = x;,Java,InvalidAssignment,InvalidAssignment
int x = 10 / 0;,Java,DivisionByZero,DivisionByZero
System.out.println(x);,Java,UndeclaredIdentifier,UndeclaredIdentifier
"System.out.println(""Hello);",Java,UnclosedString,UnclosedString
"while (true) {
}",Java,InfiniteLoop,InfiniteLoop
"int add() { return 1; }
int add() { return 2; }",Java,DuplicateDefinition,DuplicateDefinition
int x = 10 / 0;,Java,DivisionByZero,DivisionByZero
5 = x;,Java,InvalidAssignment,InvalidAssignment
5 = x;,Java,InvalidAssignment,InvalidAssignment
"public class Test {
  public static void main(String[] args) {
    System.out.println(1);
",Java,UnmatchedBracket,UnmatchedBracket
5 = x;,Java,InvalidAssignment,InvalidAssignment
"return;
System.out.println(""Hi"");",Java,UnreachableCode,UnreachableCode
"System.out.println(""Hello);",Java,UnclosedString,UnclosedString
ArrayList list = new ArrayList();,Java,MissingImport,MissingImport
"return;
System.out.println(""Hi"");",Java,UnreachableCode,UnreachableCode
5 = x;,Java,InvalidAssignment,InvalidAssignment
System.out.println(x);,Java,UndeclaredIdentifier,UndeclaredIdentifier
ArrayList list = new ArrayList();,Java,MissingImport,MissingImport
"int x = ""5"";",Java,TypeMismatch,DivisionByZero
int x = 10,Java,MissingDelimiter,DivisionByZero
int x = 10,Java,MissingDelimiter,DivisionByZero
"while (true) {
}",Java,InfiniteLoop,InfiniteLoop
System.out.println(x);,Java,UndeclaredIdentifier,UndeclaredIdentifier
ArrayList list = new ArrayList();,Java,MissingImport,MissingImport
"return;
System.out.println(""Hi"");",Java,UnreachableCode,UnreachableCode
"int add() { return 1; }
int add() { return 2; }",Java,DuplicateDefinition,DuplicateDefinition
"System.out.println(""Hello);",Java,UnclosedString,UnclosedString
"public class Test {
  public static void main(String[] args) {
    System.out.println(1);
",Java,UnmatchedBracket,UnmatchedBracket
int x = 10 / 0;,Java,DivisionByZero,DivisionByZero
System.out.println(x);,Java,UndeclaredIdentifier,UndeclaredIdentifier
"while (true) {
}",Java,InfiniteLoop,InfiniteLoop
5 = x;,Java,InvalidAssignment,InvalidAssignment
int x = 10 / 0;,Java,DivisionByZero,DivisionByZero
5 = x;,Java,InvalidAssignment,InvalidAssignment
"int x = 10;
System.out.println(""Hi"");",Java,UnusedVariable,UnusedVariable
"int add() { return 1; }
int add() { return 2; }",Java,DuplicateDefinition,DuplicateDefinition
"int x = 10;
System.out.println(""Hi"");",Java,UnusedVariable,UnusedVariable
"int add() { return 1; }
int add() { return 2; }",Java,DuplicateDefinition,DuplicateDefinition
"System.out.println(""Hello);",Java,UnclosedString,UnclosedString
"System.out.println(""Hello);",Java,UnclosedString,UnclosedString
int x = 10 / 0;,Java,DivisionByZero,DivisionByZero
"return;
System.out.println(""Hi"");",Java,UnreachableCode,UnreachableCode
"public class Test {
  public static void main(String[] args) {
    System.out.println(1);
",Java,UnmatchedBracket,UnmatchedBracket
"return;
System.out.println(""Hi"");",Java,UnreachableCode,UnreachableCode
int x = 10,Java,MissingDelimiter,DivisionByZero
5 = x;,Java,InvalidAssignment,InvalidAssignment
5 = x;,Java,InvalidAssignment,InvalidAssignment
int x = 10,Java,MissingDelimiter,DivisionByZero
int x = 10,Java,MissingDelimiter,DivisionByZero
int x = 10 / 0;,Java,DivisionByZero,DivisionByZero
"int x = 10;
System.out.println(""Hi"");",Java,UnusedVariable,UnusedVariable
int x = 10 / 0;,Java,DivisionByZero,DivisionByZero
System.out.println(x);,Java,UndeclaredIdentifier,UndeclaredIdentifier
"int x = ""5"";",Java,TypeMismatch,DivisionByZero
int x = 10,Java,MissingDelimiter,DivisionByZero
"int x = ""5"";",Java,TypeMismatch,DivisionByZero
"return;
System.out.println(""Hi"");",Java,UnreachableCode,UnreachableCode
"while (true) {
}",Java,InfiniteLoop,InfiniteLoop
System.out.println(x);,Java,UndeclaredIdentifier,UndeclaredIdentifier
"while (true) {
}",Java,InfiniteLoop,InfiniteLoop
int x = 10,Java,MissingDelimiter,DivisionByZero
"int x = 10;
System.out.println(""Hi"");",Java,UnusedVariable,UnusedVariable
"int add() { return 1; }
int add() { return 2; }",Java,DuplicateDefinition,DuplicateDefinition
int x = 10 / 0;,Java,DivisionByZero,DivisionByZero
"while (true) {
}",Java,InfiniteLoop,InfiniteLoop
"public class Test {
  public static void main(String[] args) {
    System.out.println(1);
",Java,UnmatchedBracket,UnmatchedBracket
System.out.println(x);,Java,UndeclaredIdentifier,UndeclaredIdentifier
"public class Test {
  public static void main(String[] args) {
    System.out.println(1);
",Java,UnmatchedBracket,UnmatchedBracket
"public class Test {
  public static void main(String[] args) {
    System.out.println(1);
",Java,UnmatchedBracket,UnmatchedBracket
ArrayList list = new ArrayList();,Java,MissingImport,MissingImport
ArrayList list = new ArrayList();,Java,MissingImport,MissingImport
ArrayList list = new ArrayList();,Java,MissingImport,MissingImport
5 = x;,Java,InvalidAssignment,InvalidAssignment
"return;
System.out.println(""Hi"");",Java,UnreachableCode,UnreachableCode
"int add() { return 1; }
int add() { return 2; }",Java,DuplicateDefinition,DuplicateDefinition
int x = 10,Java,MissingDelimiter,DivisionByZero
"int x = 10;
System.out.println(""Hi"");",Java,UnusedVariable,UnusedVariable
"int add() { return 1; }
int add() { return 2; }",Java,DuplicateDefinition,DuplicateDefinition
"int add() { return 1; }
int add() { return 2; }",Java,DuplicateDefinition,DuplicateDefinition
"public class Test {
  public static void main(String[] args) {
    System.out.println(1);
",Java,UnmatchedBracket,UnmatchedBracket
"int x = 10;
System.out.println(""Hi"");",Java,UnusedVariable,UnusedVariable
int x = 10 / 0;,Java,DivisionByZero,DivisionByZero
"int x = ""5"";",Java,TypeMismatch,DivisionByZero
int x = 10,Java,MissingDelimiter,DivisionByZero
System.out.println(x);,Java,UndeclaredIdentifier,UndeclaredIdentifier
5 = x;,Java,InvalidAssignment,InvalidAssignment
"while (1) {
}",C,InfiniteLoop,InfiniteLoop
"while (1) {
}",C,InfiniteLoop,InfiniteLoop
"printf(""Hello"");",C,MissingInclude,UnclosedString
int x = 10 / 0;,C,DivisionByZero,DivisionByZero
int x = 10 / 0;,C,DivisionByZero,DivisionByZero
"printf(""Hello);",C,UnclosedString,UnclosedString
5 = x;,C,InvalidAssignment,InvalidAssignment
"printf(""Hello);",C,UnclosedString,UnclosedString
"printf(""Hello);",C,UnclosedString,UnclosedString
"return;
printf(""Hi"");",C,UnreachableCode,UnreachableCode
"printf(""Hello);",C,UnclosedString,UnclosedString
"int x = 10;
printf(""Hi"");",C,UnusedVariable,UnusedVariable
"return;
printf(""Hi"");",C,UnreachableCode,UnreachableCode
"int main() {
  printf(""Hi"");
",C,UnmatchedBracket,UnmatchedBracket
"int x = 10;
printf(""Hi"");",C,UnusedVariable,UnusedVariable
"int add() { return 1; }
int add() { return 2; }",C,DuplicateDefinition,DuplicateDefinition
"return;
printf(""Hi"");",C,UnreachableCode,UnreachableCode
"while (1) {
}",C,InfiniteLoop,InfiniteLoop
"int add() { return 1; }
int add() { return 2; }",C,DuplicateDefinition,DuplicateDefinition
int x = 10 / 0;,C,DivisionByZero,DivisionByZero
"int add() { return 1; }
int add() { return 2; }",C,DuplicateDefinition,DuplicateDefinition
"while (1) {
}",C,InfiniteLoop,InfiniteLoop
"int x = ""5"";",C,TypeMismatch,DivisionByZero
"printf(""Hello);",C,UnclosedString,UnclosedString
"printf(""%d"", x);",C,UndeclaredIdentifier,UndeclaredIdentifier
"printf(""Hello"");",C,MissingInclude,UnclosedString
int x = 10 / 0;,C,DivisionByZero,DivisionByZero
"return;
printf(""Hi"");",C,UnreachableCode,UnreachableCode
"return;
printf(""Hi"");",C,UnreachableCode,UnreachableCode
int x = 10 / 0;,C,DivisionByZero,DivisionByZero
"while (1) {
}",C,InfiniteLoop,InfiniteLoop
int x = 10,C,MissingDelimiter,DivisionByZero
int x = 10 / 0;,C,DivisionByZero,DivisionByZero
"printf(""%d"", x);",C,UndeclaredIdentifier,UndeclaredIdentifier
5 = x;,C,InvalidAssignment,InvalidAssignment
int x = 10 / 0;,C,DivisionByZero,DivisionByZero
"return;
printf(""Hi"");",C,UnreachableCode,UnreachableCode
"printf(""Hello"");",C,MissingInclude,UnclosedString
"return;
printf(""Hi"");",C,UnreachableCode,UnreachableCode
5 = x;,C,InvalidAssignment,InvalidAssignment
"printf(""Hello);",C,UnclosedString,UnclosedString
int x = 10 / 0;,C,DivisionByZero,DivisionByZero
"printf(""Hello);",C,UnclosedString,UnclosedString
int x = 10,C,MissingDelimiter,DivisionByZero
5 = x;,C,InvalidAssignment,InvalidAssignment
"printf(""Hello);",C,UnclosedString,UnclosedString
"printf(""Hello);",C,UnclosedString,UnclosedString
"while (1) {
}",C,InfiniteLoop,InfiniteLoop
"printf(""Hello);",C,UnclosedString,UnclosedString
int x = 10 / 0;,C,DivisionByZero,DivisionByZero
"printf(""%d"", x);",C,UndeclaredIdentifier,UndeclaredIdentifier
int x = 10,C,MissingDelimiter,DivisionByZero
"printf(""%d"", x);",C,UndeclaredIdentifier,UndeclaredIdentifier
"printf(""Hello);",C,UnclosedString,UnclosedString
"printf(""Hello);",C,UnclosedString,UnclosedString
int x = 10 / 0;,C,DivisionByZero,DivisionByZero
"int add() { return 1; }
int add() { return 2; }",C,DuplicateDefinition,DuplicateDefinition
"int x = 10;
printf(""Hi"");",C,UnusedVariable,UnusedVariable
"int x = 10;
printf(""Hi"");",C,UnusedVariable,UnusedVariable
"int x = ""5"";",C,TypeMismatch,DivisionByZero
int x = 10 / 0;,C,DivisionByZero,DivisionByZero
"printf(""%d"", x);",C,UndeclaredIdentifier,UndeclaredIdentifier
int x = 10,C,MissingDelimiter,DivisionByZero
5 = x;,C,InvalidAssignment,InvalidAssignment
"return;
printf(""Hi"");",C,UnreachableCode,UnreachableCode
"int x = 10;
printf(""Hi"");",C,UnusedVariable,UnusedVariable
int x = 10 / 0;,C,DivisionByZero,DivisionByZero
"printf(""Hello"");",C,MissingInclude,UnclosedString
"int main() {
  printf(""Hi"");
",C,UnmatchedBracket,UnmatchedBracket
"printf(""%d"", x);",C,UndeclaredIdentifier,UndeclaredIdentifier
int x = 10 / 0;,C,DivisionByZero,DivisionByZero
"return;
printf(""Hi"");",C,UnreachableCode,UnreachableCode
int x = 10 / 0;,C,DivisionByZero,DivisionByZero
"int add() { return 1; }
int add() { return 2; }",C,DuplicateDefinition,DuplicateDefinition
"printf(""%d"", x);",C,UndeclaredIdentifier,UndeclaredIdentifier
"return;
printf(""Hi"");",C,UnreachableCode,UnreachableCode
5 = x;,C,InvalidAssignment,InvalidAssignment
"printf(""Hello);",C,UnclosedString,UnclosedString
"int x = ""5"";",C,TypeMismatch,DivisionByZero
"printf(""%d"", x);",C,UndeclaredIdentifier,UndeclaredIdentifier
int x = 10 / 0;,C,DivisionByZero,DivisionByZero
"int x = ""5"";",C,TypeMismatch,DivisionByZero
int x = 10 / 0;,C,DivisionByZero,DivisionByZero
"printf(""Hello"");",C,MissingInclude,UnclosedString
"return;
printf(""Hi"");",C,UnreachableCode,UnreachableCode
"printf(""Hello);",C,UnclosedString,UnclosedString
"int x = ""5"";",C,TypeMismatch,DivisionByZero
5 = x;,C,InvalidAssignment,InvalidAssignment
5 = x;,C,InvalidAssignment,InvalidAssignment
"printf(""Hello);",C,UnclosedString,UnclosedString
5 = x;,C,InvalidAssignment,InvalidAssignment
"int x = ""5"";",C,TypeMismatch,DivisionByZero
"return;
printf(""Hi"");",C,UnreachableCode,UnreachableCode
"printf(""%d"", x);",C,UndeclaredIdentifier,UndeclaredIdentifier
"int x = ""5"";",C,TypeMismatch,DivisionByZero
5 = x;,C,InvalidAssignment,InvalidAssignment
"while (1) {
}",C,InfiniteLoop,InfiniteLoop
"printf(""Hello);",C,UnclosedString,UnclosedString
"printf(""Hello"");",C,MissingInclude,UnclosedString
"int add() { return 1; }
int add() { return 2; }",C,DuplicateDefinition,DuplicateDefinition
"int main() {
  printf(""Hi"");
",C,UnmatchedBracket,UnmatchedBracket
"return;
printf(""Hi"");",C,UnreachableCode,UnreachableCode
int x = 10,C,MissingDelimiter,DivisionByZero
"printf(""Hello"");",C,MissingInclude,UnclosedString
"printf(""Hello);",C,UnclosedString,UnclosedString
int x = 10,C,MissingDelimiter,DivisionByZero
int x = 10 / 0;,C,DivisionByZero,DivisionByZero
"int main() {
  printf(""Hi"");
",C,UnmatchedBracket,UnmatchedBracket
"printf(""Hello);",C,UnclosedString,UnclosedString
"printf(""Hello);",C,UnclosedString,UnclosedString
"printf(""%d"", x);",C,UndeclaredIdentifier,UndeclaredIdentifier
"int x = 10;
printf(""Hi"");",C,UnusedVariable,UnusedVariable
"int x = 10;
printf(""Hi"");",C,UnusedVariable,UnusedVariable
"printf(""%d"", x);",C,UndeclaredIdentifier,UndeclaredIdentifier
"return;
printf(""Hi"");",C,UnreachableCode,UnreachableCode
"printf(""%d"", x);",C,UndeclaredIdentifier,UndeclaredIdentifier
"return;
printf(""Hi"");",C,UnreachableCode,UnreachableCode
"int x = ""5"";",C,TypeMismatch,DivisionByZero
"int main() {
  printf(""Hi"");
",C,UnmatchedBracket,UnmatchedBracket
int x = 10,C,MissingDelimiter,DivisionByZero
"while (1) {
}",C,InfiniteLoop,InfiniteLoop
"printf(""%d"", x);",C,UndeclaredIdentifier,UndeclaredIdentifier
"printf(""%d"", x);",C,UndeclaredIdentifier,UndeclaredIdentifier
"int add() { return 1; }
int add() { return 2; }",C,DuplicateDefinition,DuplicateDefinition
"return;
printf(""Hi"");",C,UnreachableCode,UnreachableCode
"int add() { return 1; }
int add() { return 2; }",C,DuplicateDefinition,DuplicateDefinition
int x = 10,C,MissingDelimiter,DivisionByZero
"int main() {
  printf(""Hi"");
",C,UnmatchedBracket,UnmatchedBracket
"return;
printf(""Hi"");",C,UnreachableCode,UnreachableCode
"return;
printf(""Hi"");",C,UnreachableCode,UnreachableCode
5 = x;,C,InvalidAssignment,InvalidAssignment
"return;
printf(""Hi"");",C,UnreachableCode,UnreachableCode
"int x = ""5"";",C,TypeMismatch,DivisionByZero
"printf(""%d"", x);",C,UndeclaredIdentifier,UndeclaredIdentifier
int x = 10,C,MissingDelimiter,DivisionByZero
int x = 10,C,MissingDelimiter,DivisionByZero
"printf(""Hello);",C,UnclosedString,UnclosedString
"int x = 10;
printf(""Hi"");",C,UnusedVariable,UnusedVariable
"while (1) {
}",C,InfiniteLoop,InfiniteLoop
int x = 10,C,MissingDelimiter,DivisionByZero
"int add() { return 1; }
int add() { return 2; }",C,DuplicateDefinition,DuplicateDefinition
"printf(""Hello);",C,UnclosedString,UnclosedString
"while (1) {
}",C,InfiniteLoop,InfiniteLoop
"printf(""Hello);",C,UnclosedString,UnclosedString
5 = x;,C,InvalidAssignment,InvalidAssignment
"printf(""%d"", x);",C,UndeclaredIdentifier,UndeclaredIdentifier
5 = x;,C,InvalidAssignment,InvalidAssignment
"printf(""%d"", x);",C,UndeclaredIdentifier,UndeclaredIdentifier
5 = x;,C,InvalidAssignment,InvalidAssignment
"int x = ""5"";",C,TypeMismatch,DivisionByZero
"while (true) {
}",C++,InfiniteLoop,InfiniteLoop
"return 0;
cout << ""Hi"";",C++,UnreachableCode,UnreachableCode
int x = 10,C++,MissingDelimiter,DivisionByZero
"return 0;
cout << ""Hi"";",C++,UnreachableCode,UnreachableCode
int x = 10,C++,MissingDelimiter,DivisionByZero
int x = 10 / 0;,C++,DivisionByZero,DivisionByZero
cout << x;,C++,UndeclaredIdentifier,UndeclaredIdentifier
5 = x;,C++,InvalidAssignment,InvalidAssignment
"int add() { return 1; }
int add() { return 2; }",C++,DuplicateDefinition,DuplicateDefinition
"int add() { return 1; }
int add() { return 2; }",C++,DuplicateDefinition,DuplicateDefinition
cout << x;,C++,UndeclaredIdentifier,UndeclaredIdentifier
"while (true) {
}",C++,InfiniteLoop,InfiniteLoop
cout << x;,C++,UndeclaredIdentifier,UndeclaredIdentifier
int x = 10,C++,MissingDelimiter,DivisionByZero
cout << x;,C++,UndeclaredIdentifier,UndeclaredIdentifier
"int x = 10;
cout << ""Hi"";",C++,UnusedVariable,UnusedVariable
"int x = 10;
cout << ""Hi"";",C++,UnusedVariable,UnusedVariable
cout << x;,C++,UndeclaredIdentifier,UndeclaredIdentifier
"while (true) {
}",C++,InfiniteLoop,InfiniteLoop
"int x = 10;
cout << ""Hi"";",C++,UnusedVariable,UnusedVariable
"cout << ""Hello;",C++,UnclosedString,UnclosedString
cout << x;,C++,UndeclaredIdentifier,UndeclaredIdentifier
int x = 10,C++,MissingDelimiter,DivisionByZero
"while (true) {
}",C++,InfiniteLoop,InfiniteLoop
"int add() { return 1; }
int add() { return 2; }",C++,DuplicateDefinition,DuplicateDefinition
"while (true) {
}",C++,InfiniteLoop,InfiniteLoop
"int main() {
  cout << ""Hi"";
",C++,UnmatchedBracket,UnmatchedBracket
"int main() {
  cout << ""Hi"";
",C++,UnmatchedBracket,UnmatchedBracket
"int x = ""5"";",C++,TypeMismatch,DivisionByZero
"int x = ""5"";",C++,TypeMismatch,DivisionByZero
int x = 10 / 0;,C++,DivisionByZero,DivisionByZero
"int add() { return 1; }
int add() { return 2; }",C++,DuplicateDefinition,DuplicateDefinition
int x = 10,C++,MissingDelimiter,DivisionByZero
"int main() {
  cout << ""Hi"";
",C++,UnmatchedBracket,UnmatchedBracket
"while (true) {
}",C++,InfiniteLoop,InfiniteLoop
"while (true) {
}",C++,InfiniteLoop,InfiniteLoop
int x = 10 / 0;,C++,DivisionByZero,DivisionByZero
cout << x;,C++,UndeclaredIdentifier,UndeclaredIdentifier
"int x = ""5"";",C++,TypeMismatch,DivisionByZero
"int x = ""5"";",C++,TypeMismatch,DivisionByZero
"int add() { return 1; }
int add() { return 2; }",C++,DuplicateDefinition,DuplicateDefinition
"cout << ""Hello;",C++,UnclosedString,UnclosedString
"int x = ""5"";",C++,TypeMismatch,DivisionByZero
"return 0;
cout << ""Hi"";",C++,UnreachableCode,UnreachableCode
cout << x;,C++,UndeclaredIdentifier,UndeclaredIdentifier
5 = x;,C++,InvalidAssignment,InvalidAssignment
"int x = 10;
cout << ""Hi"";",C++,UnusedVariable,UnusedVariable
"int x = 10;
cout << ""Hi"";",C++,UnusedVariable,UnusedVariable
"while (true) {
}",C++,InfiniteLoop,InfiniteLoop
"while (true) {
}",C++,InfiniteLoop,InfiniteLoop
"int main() {
  cout << ""Hi"";
",C++,UnmatchedBracket,UnmatchedBracket
cout << x;,C++,UndeclaredIdentifier,UndeclaredIdentifier
int x = 10,C++,MissingDelimiter,DivisionByZero
"while (true) {
}",C++,InfiniteLoop,InfiniteLoop
int x = 10,C++,MissingDelimiter,DivisionByZero
int x = 10,C++,MissingDelimiter,DivisionByZero
"int add() { return 1; }
int add() { return 2; }",C++,DuplicateDefinition,DuplicateDefinition
"int x = ""5"";",C++,TypeMismatch,DivisionByZero
"int x = ""5"";",C++,TypeMismatch,DivisionByZero
"cout << ""Hello"";",C++,MissingInclude,UnclosedString
int x = 10,C++,MissingDelimiter,DivisionByZero
int x = 10,C++,MissingDelimiter,DivisionByZero
"cout << ""Hello"";",C++,MissingInclude,UnclosedString
int x = 10 / 0;,C++,DivisionByZero,DivisionByZero
"int add() { return 1; }
int add() { return 2; }",C++,DuplicateDefinition,DuplicateDefinition
"int x = 10;
cout << ""Hi"";",C++,UnusedVariable,UnusedVariable
"int add() { return 1; }
int add() { return 2; }",C++,DuplicateDefinition,DuplicateDefinition
5 = x;,C++,InvalidAssignment,InvalidAssignment
"int x = 10;
cout << ""Hi"";",C++,UnusedVariable,UnusedVariable
int x = 10 / 0;,C++,DivisionByZero,DivisionByZero
int x = 10,C++,MissingDelimiter,DivisionByZero
"cout << ""Hello;",C++,UnclosedString,UnclosedString
"int x = ""5"";",C++,TypeMismatch,DivisionByZero
"int x = ""5"";",C++,TypeMismatch,DivisionByZero
cout << x;,C++,UndeclaredIdentifier,UndeclaredIdentifier
int x = 10,C++,MissingDelimiter,DivisionByZero
"return 0;
cout << ""Hi"";",C++,UnreachableCode,UnreachableCode
"while (true) {
}",C++,InfiniteLoop,InfiniteLoop
int x = 10,C++,MissingDelimiter,DivisionByZero
"int main() {
  cout << ""Hi"";
",C++,UnmatchedBracket,UnmatchedBracket
cout << x;,C++,UndeclaredIdentifier,UndeclaredIdentifier
"int add() { return 1; }
int add() { return 2; }",C++,DuplicateDefinition,DuplicateDefinition
"return 0;
cout << ""Hi"";",C++,UnreachableCode,UnreachableCode
"return 0;
cout << ""Hi"";",C++,UnreachableCode,UnreachableCode
"return 0;
cout << ""Hi"";",C++,UnreachableCode,UnreachableCode
"int x = 10;
cout << ""Hi"";",C++,UnusedVariable,UnusedVariable
"int x = ""5"";",C++,TypeMismatch,DivisionByZero
"int main() {
  cout << ""Hi"";
",C++,UnmatchedBracket,UnmatchedBracket
int x = 10 / 0;,C++,DivisionByZero,DivisionByZero
"int x = ""5"";",C++,TypeMismatch,DivisionByZero
"cout << ""Hello"";",C++,MissingInclude,UnclosedString
cout << x;,C++,UndeclaredIdentifier,UndeclaredIdentifier
5 = x;,C++,InvalidAssignment,InvalidAssignment
"while (true) {
}",C++,InfiniteLoop,InfiniteLoop
"int main() {
  cout << ""Hi"";
",C++,UnmatchedBracket,UnmatchedBracket
int x = 10,C++,MissingDelimiter,DivisionByZero
"return 0;
cout << ""Hi"";",C++,UnreachableCode,UnreachableCode
int x = 10,C++,MissingDelimiter,DivisionByZero
"cout << ""Hello;",C++,UnclosedString,UnclosedString
"int add() { return 1; }
int add() { return 2; }",C++,DuplicateDefinition,DuplicateDefinition
"cout << ""Hello;",C++,UnclosedString,UnclosedString
int x = 10 / 0;,C++,DivisionByZero,DivisionByZero
"int main() {
  cout << ""Hi"";
",C++,UnmatchedBracket,UnmatchedBracket
"int x = 10;
cout << ""Hi"";",C++,UnusedVariable,UnusedVariable
int x = 10 / 0;,C++,DivisionByZero,DivisionByZero
"int x = 10;
cout << ""Hi"";",C++,UnusedVariable,UnusedVariable
"int x = ""5"";",C++,TypeMismatch,DivisionByZero
int x = 10 / 0;,C++,DivisionByZero,DivisionByZero
"cout << ""Hello"";",C++,MissingInclude,UnclosedString
"cout << ""Hello;",C++,UnclosedString,UnclosedString
"while (true) {
}",C++,InfiniteLoop,InfiniteLoop
"cout << ""Hello;",C++,UnclosedString,UnclosedString
"int main() {
  cout << ""Hi"";
",C++,UnmatchedBracket,UnmatchedBracket
int x = 10 / 0;,C++,DivisionByZero,DivisionByZero
"int add() { return 1; }
int add() { return 2; }",C++,DuplicateDefinition,DuplicateDefinition
"while (true) {
}",C++,InfiniteLoop,InfiniteLoop
int x = 10 / 0;,C++,DivisionByZero,DivisionByZero
"while (true) {
}",C++,InfiniteLoop,InfiniteLoop
"int main() {
  cout << ""Hi"";
",C++,UnmatchedBracket,UnmatchedBracket
"int x = 10;
cout << ""Hi"";",C++,UnusedVariable,UnusedVariable
int x = 10 / 0;,C++,DivisionByZero,DivisionByZero
"cout << ""Hello;",C++,UnclosedString,UnclosedString
"int x = 10;
cout << ""Hi"";",C++,UnusedVariable,UnusedVariable
cout << x;,C++,UndeclaredIdentifier,UndeclaredIdentifier
"int x = 10;
cout << ""Hi"";",C++,UnusedVariable,UnusedVariable
5 = x;,C++,InvalidAssignment,InvalidAssignment
"int main() {
  cout << ""Hi"";
",C++,UnmatchedBracket,UnmatchedBracket
"int add() { return 1; }
int add() { return 2; }",C++,DuplicateDefinition,DuplicateDefinition
"int x = 10;
cout << ""Hi"";",C++,UnusedVariable,UnusedVariable
5 = x;,C++,InvalidAssignment,InvalidAssignment
5 = x;,C++,InvalidAssignment,InvalidAssignment
"int add() { return 1; }
int add() { return 2; }",C++,DuplicateDefinition,DuplicateDefinition
"int add() { return 1; }
int add() { return 2; }",C++,DuplicateDefinition,DuplicateDefinition
"cout << ""Hello"";",C++,MissingInclude,UnclosedString
"cout << ""Hello"";",C++,MissingInclude,UnclosedString
"int x = ""5"";",C++,TypeMismatch,DivisionByZero
int x = 10 / 0;,C++,DivisionByZero,DivisionByZero
"cout << ""Hello"";",C++,MissingInclude,UnclosedString
5 = x;,C++,InvalidAssignment,InvalidAssignment
"int x = 10;
cout << ""Hi"";",C++,UnusedVariable,UnusedVariable
5 = x;,C++,InvalidAssignment,InvalidAssignment
"int x = ""5"";",C++,TypeMismatch,DivisionByZero
"int x = ""5"";",C++,TypeMismatch,DivisionByZero
"cout << ""Hello;",C++,UnclosedString,UnclosedString
"int add() { return 1; }
int add() { return 2; }",C++,DuplicateDefinition,DuplicateDefinition
int x = 10 / 0;,C++,DivisionByZero,DivisionByZero
"while (true) {
}",C++,InfiniteLoop,InfiniteLoop
"cout << ""Hello"";",C++,MissingInclude,UnclosedString
"int x = ""5"";",C++,TypeMismatch,DivisionByZero
int x = 10 / 0;,C++,DivisionByZero,DivisionByZero
